Checkpoint,Center X,Center Y,Center Z,Right X,Right Y,Right Z,Track width
0,0,0,0,1,0,0,60
95,837.47778,-25.49247,419.92722,0,0,-1,60
96,399.9502,0,399.9751,0,0,-1,30
97,368.2066,0,402.2038,-0.1207,0,-0.99269,31.506
98,335.49097,0,407.40305,-0.18427,0,-0.98288,32.999
99,300.66776,0,413.56671,-0.15431,0,-0.98802,34.502
115,-0.63726,0,31.50664,0.99937,0,0.03556,58.501
,,,,,,,
,,,,,,,
,,,,,,,
,,,,,,,
